indId,themaId,displayEU,indCode,indShortName,indLongName,indUnit,indFilter,indURL,indPeriod,indDivider,indDescEn
0,0,1,"tec00021","Government revenue","Total general government revenue","% of GDP","sector:S13","http://ec.europa.eu/eurostat/tgm/table.do?tab=table&tableSelection=1&labeling=labels&footnotes=yes&layout=time,geo,cat&language=en&pcode=tec00021&plugin=1","2014","","This indicator shows the total government revenue, expressed as % of Gross domestic product (GDP). This refers to the total income a government receives.<br>The general government sector comprises central government, state government, local government, and social security funds."
1,0,1,"tec00023","Government expenditure","Total general government expenditure","% of GDP","sector:S13","http://ec.europa.eu/eurostat/tgm/table.do?tab=table&tableSelection=1&labeling=labels&footnotes=yes&layout=time,geo,cat&language=en&pcode=tec00023&plugin=1","2014","","This indicator shows the total government expenditure, expressed as % of Gross domestic product (GDP). This refers to the total amount of money a government spends. <br>The general government sector comprises central government, state government, local government, and social security funds."
2,0,1,"tec00114","GDP per capita","GDP per capita in Purchasing Power Standards  (PPS)","Index: EU28 = 100",,"http://ec.europa.eu/eurostat/tgm/table.do?tab=table&tableSelection=1&labeling=labels&footnotes=yes&language=en&pcode=tec00114&plugin=1 ","2014","","This indicator shows the Gross domestic product (GDP), expressed per capita in Purchasing Power Standards (PPS), in relation to the European Union (EU28) average which is set to equal 100. <br>GDP is a measure of economic activity and is defined as the value of all goods and services produced less the value of any goods or services used for their creation. <br>If the index of this indicator of a country is higher than 100, this country's level of GDP per capita is higher than the EU average and vice versa. <br>PPS is a common currency that eliminates the differences in price levels between countries allowing meaningful comparisons of GDP between countries. Thus one PPS buys the same volume of goods and services in all countries. "
3,0,1,"tec00118","Inflation rate","Inflation rate","% change compared to previous year",,"http://ec.europa.eu/eurostat/tgm/table.do?tab=table&tableSelection=1&labeling=labels&footnotes=yes&language=en&pcode=tec00118&plugin=1","2015","","This indicator shows the inflation rate, i.e. the average price change (in %) from one year to another. Inflation is an increase in the general price level of goods and services. <br>When there is inflation in an economy, the value of money decreases because a given amount will buy fewer goods and services than before. <br>Inflation in an economy is often calculated by examining a basket of goods and services and comparing the changes in the prices of that basket over time. <br>A negative inflation rate shows deflation which is a decrease in the general price level of goods and services and represents an increase in the value of money.

"
4,0,1,"tps00180","Employment growth","Employment growth","% change of total employment compared to previous year","sex:T","http://ec.europa.eu/eurostat/tgm/table.do?tab=table&tableSelection=1&labeling=labels&footnotes=yes&layout=time,geo,cat&language=en&pcode=tps00180&plugin=1","2014","","This indicator shows the change (in %) from one year to another of the total number of employed persons in a country . <br>Employed persons comprise persons aged 15 years and more who either worked for at least one hour for pay or profit or family gain during the reference week or who were not at work during the reference week, but had a job or business from which they were temporarily absent. It covers employees and self-employed."
5,0,1,"tsdde410","Government debt","General government gross debt","% of GDP","unit:PC_GDP","http://ec.europa.eu/eurostat/tgm/table.do?tab=table&init=1&language=en&pcode=tsdde410&plugin=1","2014","","This indicator shows the general government gross debt, also known as public debt, expressed as % of Gross domestic product (GDP). <br>It is the nominal (face) value of total gross debt outstanding at the end of the year and consolidated between and within the government subsectors. It includes outstanding stocks of currency and deposits, debt securities and loans at the end of the reference period. <br>The general government sector comprises central government, state government, local government, and social security funds."
6,0,1,"tec00127","Government deficit / surplus","General government deficit/ surplus","% of GDP",,"http://ec.europa.eu/eurostat/tgm/table.do?tab=table&init=1&language=en&pcode=tec00127&plugin=1","2014","","This indicator shows the government deficit / surplus, expressed as % of Gross domestic product (GDP). <br>It is the difference between the revenue and the expenditure of the general government sector. If expenditure is higher than revenue the government registers a deficit, while if revenue is higher than expenditure it will record a surplus. <br>The general government sector comprises central government, state government, local government, and social security funds. "
7,0,1,"nama_gdp_c","Investments","Gross fixed capital formation (investments) ","% of GDP","unit:PC_GDP|indic_na:P51","http://appsso.eurostat.ec.europa.eu/nui/show.do?query=BOOKMARK_DS-055480_QID_B99A1CE_UID_-3F171EB0&layout=TIME,C,X,0%3BGEO,L,Y,0%3BUNIT,L,Z,0%3BINDIC_NA,L,Z,1%3BINDICATORS,C,Z,2%3B&zSelection=DS-055480INDICATORS,OBS_FLAG%3BDS-055480UNIT,PC_GDP%3BDS-055480INDIC_NA,P51%3B&rankName1=UNIT_1_2_-1_2&rankName2=INDICATORS_1_2_-1_2&rankName3=INDIC-NA_1_2_-1_2&rankName4=TIME_1_0_0_0&rankName5=GEO_1_2_0_1&sortC=ASC_-1_FIRST&rStp=&cStp=&rDCh=&cDCh=&rDM=true&cDM=true&footnes=false&empty=false&wai=false&time_mode=NONE&time_most_recent=false&lang=EN&cfo=%23%23%23%2C%23%23%23.%23%23%23","2013","","This indicator shows investments (also called ""Gross fixed capital formation"" ), expressed as % of Gross domestic product (GDP). <br>Investments consist of resident producersÂ« acquisitions (e.g. purchases), minus disposals (e.g. sales), of fixed tangible or intangible assets. Fixed tangible assets cover in particular machinery and equipment, vehicles, dwellings and other buildings, but also cultivated assets such as livestock for breeding and vineyards. It also covers intangible assets, such as computer software and entertainment, literary or artistic originals."
8,0,1,"nama_10_co3_p3-1","Household consumption expenditure:  Food & non-alcoholic beverages ","Final consumption expenditure of households:  Food & non-alcoholic beverages ","% of total household expenditure","coicop:CP01|unit:PC_TOT","http://appsso.eurostat.ec.europa.eu/nui/show.do?query=BOOKMARK_DS-423035_QID_2EF9B743_UID_-3F171EB0&layout=TIME,C,X,0%3BGEO,L,Y,0%3BUNIT,L,Z,0%3BCOICOP,L,Z,1%3BINDICATORS,C,Z,2%3B&zSelection=DS-423035INDICATORS,OBS_FLAG%3BDS-423035COICOP,TOTAL%3BDS-423035UNIT,CP_MEUR%3B&rankName1=UNIT_1_2_-1_2&rankName2=INDICATORS_1_2_-1_2&rankName3=COICOP_1_2_-1_2&rankName4=TIME_1_0_0_0&rankName5=GEO_1_2_0_1&sortC=ASC_-1_FIRST&rStp=&cStp=&rDCh=&cDCh=&rDM=true&cDM=true&footnes=false&empty=false&wai=false&time_mode=ROLLING&time_most_recent=true&lang=EN&cfo=%23%23%23%2C%23%23%23.%23%23%23","2014","","This indicator shows household expenditure for food & non-alcoholic beverages, expressed as % of total household expenditure. <br>It refers to any spending done by a person living alone or by a group of people living together in shared accommodation and with common expenses for the direct satisfaction of individual needs. It refers to purchases for consumption at home only (not in hotel, restaurants, bars, kiosks, etc.). <br>Food & non-alcoholic beverages comprise bread, meat, dairy products, fruits & vegetables etc. and coffee, tea, water, juices etc."
9,0,1,"nama_10_co3_p3-2","Household consumption expenditure:  Clothing & footwear","Final consumption expenditure of households: Clothing & footwear","% of total household expenditure","coicop:CP03|unit:PC_TOT","http://appsso.eurostat.ec.europa.eu/nui/show.do?query=BOOKMARK_DS-423035_QID_20B7A07A_UID_-3F171EB0&layout=TIME,C,X,0%3BGEO,L,Y,0%3BUNIT,L,Z,0%3BCOICOP,L,Z,1%3BINDICATORS,C,Z,2%3B&zSelection=DS-423035INDICATORS,OBS_FLAG%3BDS-423035COICOP,CP03%3BDS-423035UNIT,PC_TOT%3B&rankName1=UNIT_1_2_-1_2&rankName2=INDICATORS_1_2_-1_2&rankName3=COICOP_1_2_-1_2&rankName4=TIME_1_0_0_0&rankName5=GEO_1_2_0_1&pprRK=FIRST&pprSO=PROTOCOL&ppcRK=FIRST&ppcSO=ASC&sortC=ASC_-1_FIRST&rStp=&cStp=&rDCh=&cDCh=&rDM=true&cDM=true&footnes=false&empty=false&","2014","","This indicator shows household expenditure for clothing & footwear, expressed as % of total household expenditure. <br>It refers to any spending done by a person living alone or by a group of people living together in shared accommodation and with common expenses for the direct satisfaction of individual needs. <br>Clothing comprises clothes for everyday wear, sport or  work, including also e.g. belts, hats, accessories for making clothing & dry-cleaning and repair. Footwear refers to all footwear, including sports footwear suitable for everyday or leisure wear, as well as repair."
10,1,0,"tps00001","Population","Total population on 1 January","million persons",,"http://ec.europa.eu/eurostat/tgm/table.do?tab=table&tableSelection=1&labeling=labels&footnotes=yes&language=en&pcode=tps00001&plugin=1","2015","1000000","This indicator shows the number of inhabitants of a country on 1 January (or, in some cases, on 31 December of the previous year). The population is based on data from the most recent census adjusted by the components of population change produced since the last census, or based on population registers. "
10,1,0,"proj_13npms","Population in 2080","Population in 2080 (projected)","million persons","age:TOTAL|sex:T","http://appsso.eurostat.ec.europa.eu/nui/show.do?query=BOOKMARK_DS-376628_QID_-751B0A69_UID_-3F171EB0&layout=TIME,C,X,0%3BGEO,L,Y,0%3BAGE,L,Z,0%3BSEX,L,Z,1%3BINDICATORS,C,Z,2%3B&zSelection=DS-376628SEX,T%3BDS-376628AGE,TOTAL%3BDS-376628INDICATORS,OBS_FLAG%3B&rankName1=SEX_1_2_-1_2&rankName2=AGE_1_2_-1_2&rankName3=INDICATORS_1_2_-1_2&rankName4=TIME_1_0_0_0&rankName5=GEO_1_2_0_1&sortC=ASC_-1_FIRST&rStp=&cStp=&rDCh=&cDCh=&rDM=true&cDM=true&footnes=false&empty=false&wai=false&time_mode=NONE&time_most_recent=false&lang=EN&cfo=%23%23%23,%23%23%23.%23%23%23","2080","1000000","This indicator shows the likely future size of the total population in 2080. <br>This is an 'what-if scenario' that aim to provide information about the likely future size and age structure of the population based on assumptions of future trends in fertility, life expectancy and migration."
10,1,1,"demo_pjanind-1","Median age of population","Median age of total population","Years","indic_de:MEDAGEPOP","http://appsso.eurostat.ec.europa.eu/nui/show.do?query=BOOKMARK_DS-054158_QID_-706348A0_UID_-3F171EB0&layout=TIME,C,X,0%3BGEO,L,Y,0%3BINDIC_DE,L,Z,0%3BINDICATORS,C,Z,1%3B&zSelection=DS-054158INDICATORS,OBS_FLAG%3BDS-054158INDIC_DE,MEDAGEPOP%3B&rankName1=INDIC-DE_1_2_-1_2&rankName2=INDICATORS_1_2_-1_2&rankName3=TIME_1_0_0_0&rankName4=GEO_1_2_0_1&sortC=ASC_-1_FIRST&rStp=&cStp=&rDCh=&cDCh=&rDM=true&cDM=true&footnes=false&empty=false&wai=false&time_mode=ROLLING&time_most_recent=true&lang=EN&cfo=%23%23%23%2C%23%23%23.%23%23%23","2014","","This indicator shows the median age of the total population. The median age is the age that divides the population of the country into two equal groups, that is, half the people are younger than this age and half are older."
10,1,1,"demo_pjanind-2","Population aged 15-24","Population aged 15-24","% of total population","indic_de:PC_Y15_24","http://appsso.eurostat.ec.europa.eu/nui/show.do?query=BOOKMARK_DS-054158_QID_-831095D_UID_-3F171EB0&layout=TIME,C,X,0%3BGEO,L,Y,0%3BINDIC_DE,L,Z,0%3BINDICATORS,C,Z,1%3B&zSelection=DS-054158INDICATORS,OBS_FLAG%3BDS-054158INDIC_DE,MEDAGEPOP%3B&rankName1=INDIC-DE_1_2_-1_2&rankName2=INDICATORS_1_2_-1_2&rankName3=TIME_1_0_0_0&rankName4=GEO_1_2_0_1&sortC=ASC_-1_FIRST&rStp=&cStp=&rDCh=&cDCh=&rDM=true&cDM=true&footnes=false&empty=false&wai=false&time_mode=ROLLING&time_most_recent=true&lang=EN&cfo=%23%23%23%2C%23%23%23.%23%23%23","2014","","This indicator shows the population aged 15-24 years, expressed as % of the total population."
10,1,1,"tps00010","Population aged 80+","Population aged 80 or older","% of total population",,"http://appsso.eurostat.ec.europa.eu/nui/show.do?query=BOOKMARK_DS-054158_QID_-6F333A14_UID_-3F171EB0&layout=TIME,C,X,0%3BGEO,L,Y,0%3BINDIC_DE,L,Z,0%3BINDICATORS,C,Z,1%3B&zSelection=DS-054158INDICATORS,OBS_FLAG%3BDS-054158INDIC_DE,PC_Y15_24%3B&rankName1=INDIC-DE_1_2_-1_2&rankName2=INDICATORS_1_2_-1_2&rankName3=TIME_1_0_0_0&rankName4=GEO_1_2_0_1&sortC=ASC_-1_FIRST&rStp=&cStp=&rDCh=&cDCh=&rDM=true&cDM=true&footnes=false&empty=false&wai=false&time_mode=ROLLING&time_most_recent=true&lang=EN&cfo=%23%23%23%2C%23%23%23.%23%23%23","2014","","This indicator shows the population aged 80 years or older, expressed as % of the total population."
10,1,1,"tps00003","Population density ","Population density ","Inhabitants per km2",,"http://ec.europa.eu/eurostat/tgm/table.do?tab=table&tableSelection=2&labeling=labels&footnotes=yes&layout=time,geo,cat&language=en&pcode=tps00003&plugin=1","2013","","This indicator shows the number of inhabitants per square kilometre. "
10,1,1,"tsdde220","Fertility rate","Fertility rate","Mean number of children per woman",,"http://ec.europa.eu/eurostat/tgm/table.do?tab=table&tableSelection=1&labeling=labels&footnotes=yes&language=en&pcode=tsdde220&plugin=1","2013","","This indicator shows the average number of children that would be born alive to a woman during her lifetime if she was to pass through her childbearing years conforming to the age-specific fertility rates of a given year. <br>In order to keep the population size constant in the absence of migration flows a fertility rate of 2.1 is needed. "
10,1,1,"tesem010","Employment rate","Employment rate","% of employed aged 20-64 ","sex:T","http://ec.europa.eu/eurostat/tgm/table.do?tab=table&init=1&plugin=1&pcode=tesem010&language=en","2014","","This indicator shows the employment rate of people aged 20-64 . It is the share of employed persons aged 20-64  in relation to the total population of the same age group.<br> Employed persons comprise persons who either worked for at least one hour for pay or profit or family gain during the reference week or who were not at work during the reference week but had a job or business from which they were temporarily absent. It covers employees and self-employed. This is measured according to the definition of the International Labour Organisation (ILO). "
10,1,1,"tesem140","Youth unemployment rate","Youth unemployment rate","% of unemployed under 25 years",,"http://ec.europa.eu/eurostat/tgm/table.do?tab=table&init=1&language=en&pcode=tesem140&plugin=1","2014","","This indicator shows the unemployment rate of young people aged 15-24 years. It expresses the number of young unemployed persons as a share (%) of the labour force of the same age. <br>Unemployed persons are those who (1) were without work during the reference week, but are currently available for work and (2) who were either actively seeking work in the past four weeks or who had already found a job to start within the next three months. <br>The labour force comprises employed and unemployed persons. This is measured according to the definition of the International Labour Organisation (ILO). "
10,1,1,"tsdde420","Duration of working life","Duration of working life","Years","sex:T","http://ec.europa.eu/eurostat/tgm/refreshTableAction.do?tab=table&plugin=1&pcode=tsdde420&language=en","2014","","This indicator shows the number of years a person aged 15 is expected to be active in the labour market (i.e. in employment) throughout his/her life."
10,1,1,"tps00012","Marriages","Marriage rate","per 1 000 persons",,"http://ec.europa.eu/eurostat/tgm/table.do?tab=table&tableSelection=1&labeling=labels&footnotes=yes&language=en&pcode=tps00012&plugin=1","2013","","This indicator shows the ratio of the number of marriages during the year to the average population in that year. The value is expressed per 1000 inhabitants. <br>A marriage is the act, ceremony or process by which the legal relationship between two persons is formed. The legality of the union may be established by civil, religious or other means as recognised by the laws of each country. "
10,1,1,"tps00013","Divorces","Divorce rate","per 1 000 persons",,"http://ec.europa.eu/eurostat/tgm/table.do?tab=table&tableSelection=1&labeling=labels&footnotes=yes&language=en&pcode=tps00013&plugin=1","2012","","This indicator shows the ratio of the number of divorces during the year to the average population in that year. The value is expressed per 1000 inhabitants. <br>A divorce is the final legal dissolution (ending) of a marriage, according to the laws of each country. Divorce is possible in all European Union Member States. "
10,1,1,"tps00025-1","Life expectancy: Men","Life expectancy at birth: Men","Years","sex:M","http://ec.europa.eu/eurostat/tgm/table.do?tab=table&tableSelection=2&labeling=labels&footnotes=yes&layout=time,geo,cat&language=en&pcode=tps00025&plugin=1","2013","","This indicator shows the average number of years a new-born male child can expect to live if subjected throughout his life to the current mortality conditions."
10,1,1,"tps00025-2","Life expectancy: Women","Life expectancy at birth: Women","Years","sex:F","http://ec.europa.eu/eurostat/tgm/table.do?tab=table&tableSelection=3&labeling=labels&footnotes=yes&layout=time,geo,cat&language=en&pcode=tps00025&plugin=1","2013","","This indicator shows the average number of years a new-born female child can expect to live if subjected throughout her life to the current mortality conditions."
10,1,1,"tps00027","Infant mortality","Infant mortality ","per 1 000 live births",,"http://ec.europa.eu/eurostat/tgm/table.do?tab=table&tableSelection=1&labeling=labels&footnotes=yes&language=en&pcode=tps00027&plugin=1","2013","","This indicator shows the ratio of the number of deaths of children under one year of age to the number of live births in the reference year. The value is expressed per 1000 live births. "
10,1,1,"tsdpc510","Persons per household","Average number of persons per household","Persons",,"http://ec.europa.eu/eurostat/tgm/table.do?tab=table&tableSelection=1&labeling=labels&footnotes=yes&language=en&pcode=tsdpc510&plugin=1","2014","","The indicator shows the average number of persons living in private households. <br>A private household is an entity having common arrangements, sharing household expenses or daily needs, living in a shared common residence. "
10,1,1,"ilc_lvps08-1","Men living with parents","Men aged 18-34 living with parents","% of total population aged 18-34 ","sex:M|age:Y18-34","http://appsso.eurostat.ec.europa.eu/nui/show.do?query=BOOKMARK_DS-207342_QID_44320CBA_UID_-3F171EB0&layout=TIME,C,X,0%3BGEO,L,Y,0%3BSEX,L,Z,0%3BAGE,L,Z,1%3BINDICATORS,C,Z,2%3B&zSelection=DS-207342SEX,M%3BDS-207342AGE,Y18-34%3BDS-207342INDICATORS,OBS_FLAG%3B&rankName1=AGE_1_2_-1_2&rankName2=INDICATORS_1_2_-1_2&rankName3=SEX_1_2_-1_2&rankName4=TIME_1_0_0_0&rankName5=GEO_1_2_0_1&sortC=ASC_-1_FIRST&rStp=&cStp=&rDCh=&cDCh=&rDM=true&cDM=true&footnes=false&empty=false&wai=false&time_mode=ROLLING&time_most_recent=true&lang=EN&cfo=%23%23%23%2C%23%23%23.%23%23%23","2014","","This indicator shows young men aged 18-34 years living with their parent(s) in a common household, expressed as % of the total population of the same age group. "
10,1,1,"ilc_lvps08-2","Women living with parents","Women aged 18-34 living with parents","% of total population aged 18-34 ","sex:F|age:Y18-34","http://appsso.eurostat.ec.europa.eu/nui/show.do?query=BOOKMARK_DS-207342_QID_44AD0D15_UID_-3F171EB0&layout=TIME,C,X,0%3BGEO,L,Y,0%3BSEX,L,Z,0%3BAGE,L,Z,1%3BINDICATORS,C,Z,2%3B&zSelection=DS-207342SEX,M%3BDS-207342AGE,Y18-34%3BDS-207342INDICATORS,OBS_FLAG%3B&rankName1=AGE_1_2_-1_2&rankName2=INDICATORS_1_2_-1_2&rankName3=SEX_1_2_-1_2&rankName4=TIME_1_0_0_0&rankName5=GEO_1_2_0_1&sortC=ASC_-1_FIRST&rStp=&cStp=&rDCh=&cDCh=&rDM=true&cDM=true&footnes=false&empty=false&wai=false&time_mode=ROLLING&time_most_recent=true&lang=EN&cfo=%23%23%23%2C%23%23%23.%23%23%23","2014","","This indicator shows young women aged 18-34 years living with their parent(s) in a common household, expressed as % of the total population of the same age group. "
10,1,0,"tps00191","Asylum applicants","Asylum applicants","thousands persons","asyl_app:ASY_APP","http://ec.europa.eu/eurostat/tgm/refreshTableAction.do?tab=table&plugin=1&pcode=tps00191&language=en","2014","1000","This indicator shows the total number of asylum applicants during the year. <br>An asylum applicant means a person having submitted an application for international protection or having been included in such application as a family member during the reference period. Application for international protection means an application for international protection, irrespective of whether the application was lodged on arrival at border, or from inside the country, and irrespective of whether the person entered the territory legally (e.g. as a tourist) or illegally."
10,1,1,"educ_ipart_s","Students","Tertiary students aged 20-24 ","% of total population aged 20-24","indic_ed:PS03_10|sex:T","http://appsso.eurostat.ec.europa.eu/nui/show.do?query=BOOKMARK_DS-063179_QID_6E6F81C6_UID_-3F171EB0&layout=TIME,C,X,0%3BGEO,L,Y,0%3BINDIC_ED,L,Z,0%3BSEX,L,Z,1%3BINDICATORS,C,Z,2%3B&zSelection=DS-063179SEX,T%3BDS-063179INDIC_ED,PS03_10%3BDS-063179INDICATORS,OBS_FLAG%3B&rankName1=INDIC-ED_1_2_-1_2&rankName2=INDICATORS_1_2_-1_2&rankName3=SEX_1_2_-1_2&rankName4=TIME_1_0_0_0&rankName5=GEO_1_2_0_1&sortC=ASC_-1_FIRST&rStp=&cStp=&rDCh=&cDCh=&rDM=true&cDM=true&footnes=false&empty=false&wai=false&time_mode=ROLLING&time_most_recent=true&lang=EN&cfo=%23%23%23%2C%23%23%23.%23%23%23","2012","","This indicator shows the number of students aged 20 to 24 who are enrolled in tertiary education, expressed as % of the total population aged 20 to 24. <br>Tertiary education comprises programmes with academic orientation, which are largely theoretical and programmes with an occupational orientation, as well as tertiary studies that lead to an advanced research qualification (Ph.D. or doctorate). "
28,2,0,"tour_cap_natc","Tourist bed place","Bed places for tourists","in 1000","unit:NR|indic_to:A003|nace_r2:I551-I553|terrtypo:TOTAL","http://appsso.eurostat.ec.europa.eu/nui/show.do?query=BOOKMARK_DS-321774_QID_-5BFB6E1_UID_-3F171EB0&layout=TIME,C,X,0%3BGEO,L,Y,0%3BINDIC_TO,L,Z,0%3BUNIT,L,Z,1%3BNACE_R2,L,Z,2%3BTERRTYPO,L,Z,3%3BINDICATORS,C,Z,4%3B&zSelection=DS-321774INDICATORS,OBS_FLAG%3BDS-321774NACE_R2,I551-I553%3BDS-321774UNIT,NR%3BDS-321774INDIC_TO,A003%3BDS-321774TERRTYPO,CST_A%3B&rankName1=UNIT_1_2_-1_2&rankName2=INDICATORS_1_2_-1_2&rankName3=INDIC-TO_1_2_-1_2&rankName4=NACE-R2_1_2_-1_2&rankName5=TERRTYPO_1_2_0_0&rankName6=TIME_1_0_0_0&rankName7=GEO_1_2_0_1&sortC=ASC_-1_FIRST&rStp=&cStp=&rDCh=&cDCh=&rDM=true&cDM=true&footnes=false&empty=false&wai=false&time_mode=ROLLING&time_most_recent=true&lang=EN&cfo=%23%23%23%2C%23%23%23.%23%23%23","2014","1000","This indicator shows the total number of bed-places in hotels, holiday and other short-stay accommodation, camping grounds, recreational vehicle parks and trailer parks.<br> The number of bed places do not include extra beds that may be set up upon customer request. The term bed place applies to a single bed, a double bed is counted as two bed places. "
28,2,1,"tin00011","Never used the Internet","Persons never having used the internet","% of individuals aged 16-74","ind_type:IND_TOTAL","http://ec.europa.eu/eurostat/tgm/table.do?tab=table&tableSelection=1&labeling=labels&footnotes=yes&layout=time,geo,cat&language=en&pcode=tin00011&plugin=1","2015","","This indicator shows persons aged 16-74 years, expressed as % of all persons aged 16-74 , who have never used the internet."
28,2,1,"tin00089","Broadband access","Households with broadband internet connection","% of households ","unit:PC_HH","http://ec.europa.eu/eurostat/tgm/table.do?tab=table&tableSelection=1&labeling=labels&footnotes=yes&layout=time,geo,cat&language=en&pcode=tin00089&plugin=1","2015","","This indicator shows households with broadband access, expressed as % of all households with at least one member aged 16-74 in the country. <br>The availability of broadband is measured by the percentage of households that are connectable to an exchange that has been converted to support xDSL-technology, to a cable network upgraded for internet traffic, or to other broadband technologies. It includes fixed and mobile connections. "
28,2,1,"tin00099","Internet banking","Persons who used the internet for internet banking","% of individuals aged 16-74","ind_type:IND_TOTAL","http://ec.europa.eu/eurostat/tgm/table.do?tab=table&tableSelection=1&labeling=labels&footnotes=yes&layout=time,geo,cat&language=en&pcode=tin00099&plugin=1","2015","","This indicator shows persons aged 16-74 years, expressed as % of all persons aged 16-74, who have used the internet for internet banking within the last 3 months.<br> Internet banking includes electronic transactions with a bank for payment etc. or for looking up account information. 
"
28,2,1,"tin00096","Online shopping","Persons using the internet to order goods or services","% of individuals aged 16-74","unit:PC_IND","http://ec.europa.eu/eurostat/tgm/table.do?tab=table&tableSelection=1&labeling=labels&footnotes=yes&layout=time,geo,cat&language=en&pcode=tin00096&plugin=1","2015","","This indicator shows persons aged 16-74 years, expressed as % of all persons aged 16-74, who have bought or ordered goods and/or services online for private use within the last 12 months. 

"
28,2,1,"sts_coprgr_a","Production in construction","Production in construction","% change compared to previous year","indic_bt:PROD|unit:PCH_SM|s_adj:CA|nace_r2:F","http://appsso.eurostat.ec.europa.eu/nui/show.do?query=BOOKMARK_DS-069633_QID_6D36BE0A_UID_-3F171EB0&layout=TIME,C,X,0%3BGEO,L,Y,0%3BINDIC_BT,L,Z,0%3BNACE_R2,L,Z,1%3BUNIT,L,Z,2%3BS_ADJ,L,Z,3%3BINDICATORS,C,Z,4%3B&zSelection=DS-069633INDICATORS,OBS_FLAG%3BDS-069633INDIC_BT,PROD%3BDS-069633UNIT,PCH_SM%3BDS-069633NACE_R2,F%3BDS-069633S_ADJ,CA%3B&rankName1=TIME_1_0_0_0&rankName2=UNIT_1_2_-1_2&rankName3=GEO_1_2_0_1&rankName4=INDIC-BT_1_2_-1_2&rankName5=INDICATORS_1_2_-1_2&rankName6=S-ADJ_1_2_-1_2&rankName7=NACE-R2_1_2_-1_2&sortC=ASC_-1_FIRST&rStp=&cStp=&rDCh=&cDCh=&rDM=true&cDM=true&footnes=false&empty=false&wai=false&time_mode=ROLLING&time_most_recent=false&lang=EN&cfo=%23%23%23%2C%23%23%23.%23%23%23","2014","","This indicator shows the evolution of the output and activity of the construction sector, expressed as % change compared to the previous year. Construction includes building construction and civil engineering. "
28,3,0,"tag00016","Cattle","Number of cattle","1 000 animals",,"http://ec.europa.eu/eurostat/tgm/table.do?tab=table&tableSelection=1&labeling=labels&footnotes=yes&language=en&pcode=tag00016&plugin=1","2014","","This indicator shows the livestock of the cattle population in each country, expressed in 1000 animals, in December of the year.<br> 'Cattle' means bovine animals, such as calves, bullocks, bulls, heifers and cows.
"
28,3,0,"tag00040","Cheese production","Cheese production","1 000 tons",,"http://ec.europa.eu/eurostat/tgm/table.do?tab=table&tableSelection=1&labeling=labels&footnotes=yes&layout=time,geo,cat&language=en&pcode=tag00040&plugin=1","2014","","This indicator shows the amount of cheese produced, expressed in 1000 tons. It covers all types of cheese, e.g. soft and hard cheese, cheese obtained from goats', cows', ewes' milk etc. "
28,3,0,"tag00014","Dairy cows","Number of dairy cows ","1 000 animals",,"http://ec.europa.eu/eurostat/tgm/table.do?tab=table&tableSelection=1&labeling=labels&footnotes=yes&layout=time,geo,cat&language=en&pcode=tag00014&plugin=1","2014","","This indicator shows the livestock of the dairy cow population in each country, expressed in 1000 animals, in December of the year. <br>A dairy cow is a cow kept exclusively or principally for the production of milk for human consumption and/or other dairy products.  
"
29,3,0,"tag00018","Pigs","Pigs","1 000 animals",,"http://ec.europa.eu/eurostat/tgm/table.do?tab=table&tableSelection=1&labeling=labels&footnotes=yes&language=en&pcode=tag00018&plugin=1","2014","","This indicator shows the pig population in each country, expressed in 1000 animals, in December of the year."
28,4,0,"tet00055-1","Extra-EU trade: imports","Share of imports by Member State","% of total EU imports from the Extra-EU","indic_et:CONT_IMP_EU","http://ec.europa.eu/eurostat/tgm/refreshTableAction.do?tab=table&plugin=1&pcode=tet00055&language=en&tableSelection=1","2014","","This indicator shows the share of each Member State in total EU imports of goods from countries outside the EU (= Extra-EU)."
28,4,0,"tet00055-2","Extra-EU trade: exports","Share of exports by Member State","% of total EU exports to the Extra-EU","indic_et:CONT_EXP_EU","http://ec.europa.eu/eurostat/tgm/refreshTableAction.do?tab=table&plugin=1&pcode=tet00055&language=en&tableSelection=2","2014","","This indicator shows the share of each Member State in total EU exports of goods to countries outside the EU (= Extra-EU)."
28,4,0,"tet00055-3","Extra-EU trade: balance","Trade balance ","Million of euros","indic_et:MIO_BAL_VAL","http://ec.europa.eu/eurostat/tgm/refreshTableAction.do?tab=table&plugin=1&pcode=tet00055&language=en&tableSelection=3","2014","","This indicators shows the trade balance, meaning the value of exports of goods minus the value of imports of goods, expressed in million of euros."
28,5,0,"ttr00012","Air passengers","Air passengers","1 000 passengers",,"http://ec.europa.eu/eurostat/tgm/table.do?tab=table&tableSelection=1&labeling=labels&footnotes=yes&language=en&pcode=ttr00012&plugin=1","2014","1000","This indicator shows the total number of passengers carried by plane in the country, covering arrivals plus departures. <br>This means that for example, a person flying from Paris to London will be counted in France as a 'departure passenger' and in the United Kingdom as an 'arrival passenger'. However, the value of the EU excludes double-counting, i.e. not counting the same passengers twice. It excludes direct transit passengers.
"
28,5,1,"tsdtr220","Road freight transport ","Freight transport by road","% in total inland freight tonne-km","tra_mode:ROAD","http://ec.europa.eu/eurostat/tgm/table.do?tab=table&init=1&plugin=1&language=en&pcode=tsdtr220&tableSelection=2","2013","","This indicator shows the carriage of goods by road, expressed as % of all inland transport modes (road, rail and inland waterways) in tonne-kilometres (tkm).<br>Tkm is a unit of measure of freight transport which represents the movement of one tonne of goods by a given transport mode over a distance of one kilometre. Road transport is based on all movements of vehicles registered in the reporting country."
28,6,1,"ten00117-1","Electricity prices: households","Electricity prices for medium sized household consumers (between 2500 and 5000 kWh)","EUR per kWh, including taxes and levies","indic_en:MSHH","http://ec.europa.eu/eurostat/tgm/table.do?tab=table&tableSelection=1&labeling=labels&footnotes=yes&layout=time,geo,cat&language=en&pcode=ten00117&plugin=1","2015","","This indicator shows the prices charged to a household with an annual consumption of between 2 500 and 5 000 kWh, including taxes and levies. <br>The final price charged to electricity customers will depend on the structure of electricity tariffs and contracts which normally contain a number of factors, including fixed charges and unit prices that vary according to the amount of electricity and the time of day it is consumed."
28,6,1,"ten00117-2","Electricity prices: industry","Electricity prices for medium sized industrial consumers (between 500 and 2000 MWh)","EUR per kWh, including taxes and levies","indic_en:MSIND","http://ec.europa.eu/eurostat/tgm/table.do?tab=table&init=1&plugin=1&language=en&pcode=ten00117&tableSelection=2","2015","","This indicator shows the prices charged to an industrial consumer with an annual consumption between 500 and 2000 MWh, including taxes and levies. <br>The final price charged to electricity customers will depend on the structure of electricity tariffs and contracts which normally contain a number of factors, including fixed charges and unit prices that vary according to the amount of electricity and the time of day it is consumed."
28,6,1,"tsdcc330","Renewable electricity","Electricity generated from renewable sources","% of gross electricity consumption",,"http://ec.europa.eu/eurostat/tgm/table.do?tab=table&init=1&language=en&pcode=tsdcc330&plugin=1","2013","","This indicator shows the share of electricity produced from renewable energy sources of total gross national electricity consumption for a given calendar year. <br>Thus, it measures the contribution of electricity produced from renewable energy sources to the national electricity consumption. <br>Electricity produced from renewable energy sources comprises the electricity generation from hydro plants (excluding pumping), wind, solar, geothermal and electricity from biomass/wastes. <br>Gross national electricity consumption comprises the total gross national electricity generation from all fuels, plus electricity imports, minus exports. "
28,6,1,"t2020_31","Renewable energy","Renewable energy","% in gross final energy consumption",,"http://ec.europa.eu/eurostat/tgm/table.do?tab=table&tableSelection=1&labeling=labels&footnotes=yes&language=en&pcode=t2020_31&plugin=1","2013","","This indicator shows the share of energy from renewable energy sources in gross final energy consumption. <br>It refers to renewable energy delivered to final consumers (industry, transport, households, services including public services, agriculture, forestry and fisheries) and covers solar thermal and photovoltaic energy, hydro (including tide, wave and ocean energy), wind, geothermal energy and biomass (including biological waste and liquid biofuels). <br>Gross final energy consumption of all energy sources covers total energy delivered for energy purposes to final consumers as well as the transmission and distribution losses for electricity and heat. "
28,6,1,"env_wasmun","Municipal waste","Municipal waste generated","kg per person","wst_oper:GEN|unit:KG_HAB","http://appsso.eurostat.ec.europa.eu/nui/show.do?query=BOOKMARK_DS-150766_QID_-5A754781_UID_-3F171EB0&layout=TIME,C,X,0%3BGEO,L,Y,0%3BWST_OPER,L,Z,0%3BUNIT,L,Z,1%3BINDICATORS,C,Z,2%3B&zSelection=DS-150766UNIT,THS_T%3BDS-150766INDICATORS,OBS_FLAG%3BDS-150766WST_OPER,GEN%3B&rankName1=WST-OPER_1_2_-1_2&rankName2=INDICATORS_1_2_-1_2&rankName3=UNIT_1_2_-1_2&rankName4=TIME_1_0_0_0&rankName5=GEO_1_2_0_1&sortC=ASC_-1_FIRST&rStp=&cStp=&rDCh=&cDCh=&rDM=true&cDM=true&footnes=false&empty=false&wai=false&time_mode=ROLLING&time_most_recent=true&lang=EN&cfo=%23%23%23%2C%23%23%23.%23%23%23","2013","","This indicator shows the amount of municipal waste generated per person. <br>Municipal waste consists to a large extent of waste generated by households, but may also include similar wastes generated by small businesses and public institutions and collected by the municipality, this part of municipal waste may vary from municipality to municipality and from country to country, depending on the local waste management system. For areas not covered by a municipal waste collection scheme the amount of waste generated is estimated. Waste from agriculture and industry is not included."
28,6,1,"t2020_rt320","Environmental tax","Environmental tax revenues","% of total tax revenue","unit:PC_TSCO_X_ISCO","http://ec.europa.eu/eurostat/tgm/table.do?tab=table&init=1&plugin=1&pcode=t2020_rt320&language=en ","2013","","This indicator shows is the environmental tax revenue of the general government sector expressed as share of total revenues from all taxes and social contributions of general government. <br>An environmental tax is a tax whose tax base is a physical unit (or a proxy of it) of something that has a proven, specific negative impact on the environment. This includes e.g. taxes on energy products for transport purposes, such as petrol, diesel, etc., on energy products for stationary purposes, such as natural gas, coal, coke etc., on pollution, covering measured or estimated emissions to air and water, waste management, etc.    "
28,7,0,"pat_ep_ntec","Patents","High-tech patent applications to the European Patent Office","Number","ipc:HT|unit:NR","http://appsso.eurostat.ec.europa.eu/nui/show.do?query=BOOKMARK_DS-052592_QID_-24D42654_UID_-3F171EB0&layout=TIME,C,X,0%3BGEO,L,Y,0%3BIPC,L,Z,0%3BUNIT,L,Z,1%3BINDICATORS,C,Z,2%3B&zSelection=DS-052592IPC,HT%3BDS-052592UNIT,NBR%3BDS-052592INDICATORS,OBS_FLAG%3B&rankName1=UNIT_1_2_-1_2&rankName2=IPC_1_2_-1_2&rankName3=INDICATORS_1_2_-1_2&rankName4=TIME_1_0_0_0&rankName5=GEO_1_2_0_1&sortC=ASC_-1_FIRST&rStp=&cStp=&rDCh=&cDCh=&rDM=true&cDM=true&footnes=false&empty=false&wai=false&time_mode=ROLLING&time_most_recent=true&lang=EN&cfo=%23%23%23%2C%23%23%23.%23%23%23","2012","","This indicator shows the number of high-tech patent applications to the European Patent Office. <br>A patent is an intellectual property right, a public title of industrial property that gives its owner the exclusive right to use his/her invention in the technical field for a limited number of years. Patents reflect a country's inventive activity. Patents also show the country's capacity to exploit knowledge and translate it into potential economic gains. <br>A patent application needs to be for an invention, i.e. a new solution to a technical problem which satisfies the criteria of novelty, inventiveness,  industrial applicability.   <br>A patent may be granted to a firm, an individual or a public body by a patent office. <br>It remains valid in a given country or area for a limited period of time. The technical fields which are defined as high-technology groups are: aviation, communication technology, computer and automated business equipment, lasers, micro-organism and genetic engineering, semiconductors."
28,7,1,"rd_e_gerdtot","R&D expenditure","Research & development (R&D) expenditure","% of GDP","unit:PC_GDP|sectperf:TOTAL","http://appsso.eurostat.ec.europa.eu/nui/show.do?query=BOOKMARK_DS-053382_QID_2DC6368_UID_-3F171EB0&layout=TIME,C,X,0%3BGEO,L,Y,0%3BSECTPERF,L,Z,0%3BUNIT,L,Z,1%3BINDICATORS,C,Z,2%3B&zSelection=DS-053382INDICATORS,OBS_FLAG%3BDS-053382SECTPERF,TOTAL%3BDS-053382UNIT,EUR_HAB%3B&rankName1=SECTPERF_1_2_-1_2&rankName2=INDICATORS_1_2_-1_2&rankName3=UNIT_1_2_-1_2&rankName4=TIME_1_0_0_0&rankName5=GEO_1_2_0_1&sortC=ASC_-1_FIRST&rStp=&cStp=&rDCh=&cDCh=&rDM=true&cDM=true&footnes=false&empty=false&wai=false&time_mode=ROLLING&time_most_recent=true&lang=EN&cfo=%23%23%23%2C%23%23%23.%23%23%23","2014","","This indicator shows the expenditure on research and development (R&D), expressed as percentage of GDP (called 'R&D intensity').<br> R&D refers to creative work undertaken on a systematic basis in order to increase the stock of knowledge (including knowledge of man, culture and society), and the use of this knowledge to devise new applications."
28,7,1,"htec_trd_tot4","High-tech exports","High-tech exports to third countries ","% of total exports to third countries","stk_flow:EXP|unit:PC_TOT|partner:EXT_EU28","http://appsso.eurostat.ec.europa.eu/nui/show.do?query=BOOKMARK_DS-075829_QID_17AC5EEE_UID_-3F171EB0&layout=TIME,C,X,0%3BGEO,L,Y,0%3BSTK_FLOW,L,Z,0%3BUNIT,L,Z,1%3BPARTNER,L,Z,2%3BINDICATORS,C,Z,3%3B&zSelection=DS-075829PARTNER,EXT_EU28%3BDS-075829INDICATORS,OBS_FLAG%3BDS-075829STK_FLOW,EXP%3BDS-075829UNIT,PC_TOT%3B&rankName1=PARTNER_1_2_-1_2&rankName2=STK-FLOW_1_2_-1_2&rankName3=INDICATORS_1_2_-1_2&rankName4=UNIT_1_2_-1_2&rankName5=TIME_1_0_0_0&rankName6=GEO_1_2_0_1&sortC=ASC_-1_FIRST&rStp=&cStp=&rDCh=&cDCh=&rDM=true&cDM=true&footnes=false&empty=false&wai=false&time_mode=ROLLING&time_most_recent=true&lang=EN&cfo=%23%23%23%2C%23%23%23.%23%23%23","2014","","This indicator shows exports of high-tech products to the Extra-EU28 (i.e. countries outside the EU28), expressed as % of total exports to the Extra-EU28. <br>High technology products are the sum of the following products: aerospace, computers-office machines, electronics-telecommunications, pharmacy, Scientific instruments, electrical machinery, chemistry, non-electrical machinery, armament.<br> A detailed list of high-tech products can be found here: http://ec.europa.eu/eurostat/cache/metadata/Annexes/htec_esms_an5.pdf"